INSERT INTO beneficiaries (id, username)
VALUES (101, 'username1'),
       (102, 'username2'),
       (103, 'username3'),
       (104, 'username4'),
       (105, 'username5');

INSERT INTO bank_accounts (id, balance, pin_code, beneficiary_id, account_number)
VALUES (101, 1000.54, 1234, 101, '1111222233334444'),
       (102, 50345.07, 1234, 101, '1111111111111111'),
       (103, 631231, 1234, 102, '2222333344445555'),
       (104, 50000, 1234, 103, '3333444455556666'),
       (105, 52318.01, 1234, 103, '4444555566667777'),
       (106, 1000, 1234, 103, '5555666677778888'),
       (107, 34000.14, 1234, 104, '6666777788889999'),
       (108, 20000, 1234, 104, '4444333322221111'),
       (109, 45000.50, 1234, 105, '5555444433332222'),
       (110, 1000, 1234, 105, '6666555544443333');

INSERT INTO transaction_history (id, price, bank_account_id, transfer_to_bank_account_id, date, transaction_type)
VALUES (101, 100.1, 101, null, '2023-02-06 23:30:06.000000', 'DEPOSIT'),
       (102, 200, 101, null, '2023-02-07 20:10:02.000000', 'WITHDRAW'),
       (103, 300.5, 101, 102, '2023-02-08 23:30:22.000000', 'TRANSFER'),
       (104, 400, 101, null, '2023-02-09 23:30:06.000000', 'DEPOSIT'),
       (105, 100, 101, null, '2023-02-10 15:20:44.000000', 'WITHDRAW'),
       (106, 345.75, 101, 104, '2023-02-11 17:30:06.000000', 'TRANSFER'),
       (107, 100, 101, null, '2023-02-12 19:30:06.000000', 'WITHDRAW'),
       (108, 400, 101, null, '2023-02-13 22:30:06.000000', 'DEPOSIT'),
       (109, 300, 101, null, '2023-02-14 18:30:06.000000', 'DEPOSIT'),
       (110, 200, 101, 105, '2023-02-15 08:30:06.000000', 'TRANSFER'),
       (111, 340.45, 101, null, '2023-02-16 11:30:06.000000', 'DEPOSIT'),
       (112, 450, 102, null, '2023-02-17 14:25:06.000000', 'DEPOSIT'),
       (113, 600, 103, null, '2023-02-18 12:30:06.000000', 'WITHDRAW'),
       (114, 100, 104, 101, '2023-02-19 11:30:06.000000', 'TRANSFER'),
       (115, 500, 105, null, '2023-02-20 16:30:06.000000', 'WITHDRAW'),
       (116, 700.55, 106, null, '2023-02-21 18:30:06.000000', 'DEPOSIT'),
       (117, 800, 107, null, '2023-02-22 21:30:06.000000', 'DEPOSIT'),
       (118, 200.05, 108, 104, '2023-02-23 22:18:06.000000', 'TRANSFER'),
       (119, 100, 109, null, '2023-02-24 19:30:06.000000', 'WITHDRAW'),
       (120, 200, 110, null, '2023-02-25 16:15:06.000000', 'DEPOSIT');